"arm","promptId","rep","prompt","startUtc","httpStatus","status","error","runId","modeEcho","durationMillis","wallSeconds","answerChars","parallelism","stepCount","mapToolsMounted","tokenTotal","tokenInput","tokenOutput","observations"
"multi","P1","1","帮我规划深圳到惠州3日游，涵盖路线和行程","2026-10-05T10:51:09.1334592Z","200","SUCCESS",,"6fce1faf9789466a","multi","49938","50","3201","并发 4 个工具，墙钟 30135ms，各工具耗时之和 55816ms → PARALLEL（完全并行，2 个并发，加速比 1.85x）","38","10","401962","388646","13316","42"
"multi","P1","2","帮我规划深圳到惠州3日游，涵盖路线和行程","2026-10-05T11:13:59.7825343Z","200","SUCCESS",,"6a48be1fb9154194","multi","55653","56","3526","并发 4 个工具，墙钟 32492ms，各工具耗时之和 56158ms → PARALLEL（完全并行，2 个并发，加速比 1.73x）","34","10","416544","400752","15792","67"
"multi","P3","1","帮我规划一份杭州3天的家庭亲子游行程，包含景点、住宿、美食和预算","2026-10-05T11:02:52.4496618Z","200","SUCCESS",,"a91b2c358c5e48f7","multi","68652","69","2985","并发 6 个工具，墙钟 29668ms，各工具耗时之和 70291ms → PARALLEL（完全并行，3 个并发，加速比 2.37x）","52","10","196381","173701","22680","86"
"multi","P3","2","帮我规划一份杭州3天的家庭亲子游行程，包含景点、住宿、美食和预算","2026-10-05T11:20:02.5327580Z","200","SUCCESS",,"3c0d14bea5b64852","multi","74457","74","3400","并发 4 个工具，墙钟 18009ms，各工具耗时之和 32394ms → PARALLEL（完全并行，2 个并发，加速比 1.8x）","66","10","155181","136997","18184","88"
"multi","P4","1","帮我安排深圳一日游","2026-10-05T11:08:35.4071263Z","200","SUCCESS",,"1728e7e755b3431f","multi","48131","48","2348","并发 4 个工具，墙钟 27515ms，各工具耗时之和 45111ms → PARALLEL（完全并行，2 个并发，加速比 1.64x）","34","10","206454","192871","13583","65"
"multi","P4","2","帮我安排深圳一日游","2026-10-05T11:26:01.9887056Z","200","SUCCESS",,"7a37e8e98fca4fbc","multi","46721","47","2774","并发 4 个工具，墙钟 26322ms，各工具耗时之和 43842ms → PARALLEL（完全并行，2 个并发，加速比 1.67x）","34","10","174088","160769","13319","64"
"single","P1","1","帮我规划深圳到惠州3日游，涵盖路线和行程","2026-10-05T10:56:10.3719930Z","200","SUCCESS",,"4931b746ccdb4f1a","single","36588","37","3142","本轮没有出现「同一轮里多个工具」的情况，无法体现并行（模型每轮只调了一个工具，或确实存在先后依赖）。","54",,"642015","635855","6160","36"
"single","P1","2","帮我规划深圳到惠州3日游，涵盖路线和行程","2026-10-05T11:16:54.1701709Z","200","SUCCESS",,"2e1ec6439fba4d2d","single","69610","70","3432","本轮没有出现「同一轮里多个工具」的情况，无法体现并行（模型每轮只调了一个工具，或确实存在先后依赖）。","82","10","1924552","1910571","13981","52"
"single","P3","1","帮我规划一份杭州3天的家庭亲子游行程，包含景点、住宿、美食和预算","2026-10-05T11:05:59.9609825Z","200","SUCCESS",,"8c2441a02aa941fa","single","36683","37","3420","本轮没有出现「同一轮里多个工具」的情况，无法体现并行（模型每轮只调了一个工具，或确实存在先后依赖）。","78","10","181549","173509","8040","49"
"single","P3","2","帮我规划一份杭州3天的家庭亲子游行程，包含景点、住宿、美食和预算","2026-10-05T11:23:15.7389280Z","200","SUCCESS",,"2c79ca6bb04b406d","single","47495","48","3741","本轮没有出现「同一轮里多个工具」的情况，无法体现并行（模型每轮只调了一个工具，或确实存在先后依赖）。","60","10","187767","177142","10625","38"
"single","P4","1","帮我安排深圳一日游","2026-10-05T11:11:22.2616411Z","200","SUCCESS",,"acc61fd09b854411","single","38785","39","2929","本轮没有出现「同一轮里多个工具」的情况，无法体现并行（模型每轮只调了一个工具，或确实存在先后依赖）。","86","10","387951","379940","8011","54"
"single","P4","2","帮我安排深圳一日游","2026-10-05T11:28:47.4595070Z","200","SUCCESS",,"3ca36bed6eda488e","single","34382","34","2163","本轮没有出现「同一轮里多个工具」的情况，无法体现并行（模型每轮只调了一个工具，或确实存在先后依赖）。","56","10","92390","85394","6996","40"
