"promptId","rep","arm","runId","facts","cover","action","struct","honest","total"
"P1","1","multi","6fce1faf9789466a","4","5","4","5","5","23"
"P1","1","single","4931b746ccdb4f1a","4","5","5","5","4","23"
"P1","2","multi","6a48be1fb9154194","4","5","3","5","4","21"
"P1","2","single","2e1ec6439fba4d2d","4","5","4","4","4","21"
"P3","1","single","8c2441a02aa941fa","3","5","4","5","2","19"
"P3","1","multi","a91b2c358c5e48f7","3","5","3","4","4","19"
"P3","2","multi","3c0d14bea5b64852","5","5","4","5","5","24"
"P3","2","single","2c79ca6bb04b406d","3","5","4","5","2","19"
"P4","1","multi","1728e7e755b3431f","4","5","3","5","5","22"
"P4","1","single","acc61fd09b854411","4","5","4","5","3","21"
"P4","2","single","3ca36bed6eda488e","5","5","4","5","5","24"
"P4","2","multi","7a37e8e98fca4fbc","3","5","3","5","3","19"
